<?xml version="1.0" encoding="utf-8"?>
<!-- Carta amb occurrències no vàlides -->
<carta>
    <data>1990-04-20</data>
    <salutacio>Hola chata, ¿cómo estás?</salutacio>
    <paragraf>
        ¿Te sorprende que te escriba?
        Tanto tiempo es normal.
        Pues es que estaba aquí solo,
        me había puesto a recordar,
        me entró la melancolía
        y te tenía que hablar.
    </paragraf>
    <comiat>Yo sigo con mis canciones y</comiat>
    <comiat>tú sigues con tus sueños.</comiat>
</carta>
