<ranquing>
    <alumne email="XX01"> <alies>xxx</alies> <punts>xxx</punts> <posicio>xxx</posicio> </alumne>
    <alumne email="XX02"> <alies>xxx</alies> <punts>xxx</punts> <posicio>xxx</posicio> </alumne>
    <alumne email="XX03"> <alies>xxx</alies> <punts>xxx</punts> <posicio>xxx</posicio> </alumne>
    <alumne email="XX04"> <alies>xxx</alies> <punts>xxx</punts> <posicio>xxx</posicio> </alumne>
    <alumne email="XX05"> <alies>xxx</alies> <punts>xxx</punts> <posicio>xxx</posicio> </alumne>
    <alumne email="XX06"> <alies>xxx</alies> <punts>xxx</punts> <posicio>xxx</posicio> </alumne>
    <alumne email="XX07"> <alies>xxx</alies> <punts>xxx</punts> <posicio>xxx</posicio> </alumne>
    <alumne email="XX08"> <alies>xxx</alies> <punts>xxx</punts> <posicio>xxx</posicio> </alumne>
    <alumne email="XX09"> <alies>xxx</alies> <punts>xxx</punts> <posicio>xxx</posicio> </alumne>
    <alumne email="XX10"> <alies>xxx</alies> <punts>xxx</punts> <posicio>xxx</posicio> </alumne>
    <alumne email="XX11"> <alies>xxx</alies> <punts>xxx</punts> <posicio>xxx</posicio> </alumne>
    <alumne email="XX12"> <alies>xxx</alies> <punts>xxx</punts> <posicio>xxx</posicio> </alumne>
    <alumne email="XX13"> <alies>xxx</alies> <punts>xxx</punts> <posicio>xxx</posicio> </alumne>
    <alumne email="XX14"> <alies>xxx</alies> <punts>xxx</punts> <posicio>xxx</posicio> </alumne>
    <alumne email="XX15"> <alies>xxx</alies> <punts>xxx</punts> <posicio>xxx</posicio> </alumne>
    <alumne email="XX16"> <alies>xxx</alies> <punts>xxx</punts> <posicio>xxx</posicio> </alumne>
    <alumne email="XX17"> <alies>xxx</alies> <punts>xxx</punts> <posicio>xxx</posicio> </alumne>
    <alumne email="XX18"> <alies>xxx</alies> <punts>xxx</punts> <posicio>xxx</posicio> </alumne>
    <alumne email="XX19"> <alies>xxx</alies> <punts>xxx</punts> <posicio>xxx</posicio> </alumne>
    <alumne email="XX20"> <alies>xxx</alies> <punts>xxx</punts> <posicio>xxx</posicio> </alumne>
    <alumne email="XX21"> <alies>xxx</alies> <punts>xxx</punts> <posicio>xxx</posicio> </alumne>
    <alumne email="XX22"> <alies>xxx</alies> <punts>xxx</punts> <posicio>xxx</posicio> </alumne>
    <alumne email="XX23"> <alies>xxx</alies> <punts>xxx</punts> <posicio>xxx</posicio> </alumne>
    <alumne email="XX24"> <alies>xxx</alies> <punts>xxx</punts> <posicio>xxx</posicio> </alumne>
    <alumne email="XX25"> <alies>xxx</alies> <punts>xxx</punts> <posicio>xxx</posicio> </alumne>
    <alumne email="XX26"> <alies>xxx</alies> <punts>xxx</punts> <posicio>xxx</posicio> </alumne>
    <alumne email="XX27"> <alies>xxx</alies> <punts>xxx</punts> <posicio>xxx</posicio> </alumne>
    <alumne email="XX28"> <alies>xxx</alies> <punts>xxx</punts> <posicio>xxx</posicio> </alumne>
    <alumne email="XX29"> <alies>xxx</alies> <punts>xxx</punts> <posicio>xxx</posicio> </alumne>
    <alumne email="XX30"> <alies>xxx</alies> <punts>xxx</punts> <posicio>xxx</posicio> </alumne>
    <alumne email="XX31"> <alies>xxx</alies> <punts>xxx</punts> <posicio>xxx</posicio> </alumne>
    <alumne email="XX32"> <alies>xxx</alies> <punts>xxx</punts> <posicio>xxx</posicio> </alumne>
</ranquing>
