<!-- Exemple d'acta amb problemes de ocurrències -->
<acta>
  <sessio> 68 </sessio>
  <sessio> 68 </sessio>
  <comunitat> Junta de propietaris del Carrer de la Selva de Mar, 211 </comunitat>
  <data>2017-11-01</data>
  <inici>20:00:00</inici>
  <acabament>23:45:00</acabament>
  <lloc>el pati de la Sra. Encarna</lloc>
  <president>Sr. Lluís Bendito i Sigüenza</president>
  <vicepresident>Sra. Ramona González Remolona</vicepresident>
  <administrador>Sr. Romualdo Malandrín Segura</administrador>
  <assistents>
    <assistent>
      <pis><planta>1</planta><porta>1</porta></pis>
      <vei>Sra. Josefa Ramos Granados</vei>
    </assistent>
    <assistent>
      <pis><planta>1</planta><porta>2</porta></pis>
      <vei>Sr. Vicent Carallot i Gripau</vei>
    </assistent>
    <assistent>
      <pis><planta>2</planta><porta>1</porta></pis>
      <vei>Sr. Lluís Benito i Sigüenza</vei>
    </assistent>
    <assistent>
      <pis><planta>2</planta><porta>2</porta></pis>
      <vei>Sra. Ramona González Remolona</vei>
      <vei>Sr. Carles Valdaura Ronyós</vei>
    </assistent>
    <assistent>
      <pis><planta>3</planta><porta>1</porta></pis>
      <vei>Sr. Anastasio Morales Soler</vei>
    </assistent>
  </assistents>
  <noassistents>
    <pis><planta>3</planta><porta>2</porta></pis>
    <pis><planta>4</planta><porta>1</porta></pis>
    <pis><planta>4</planta><porta>2</porta></pis>
  </noassistents>
  <ordredeldia>
    <punt><nr>1</nr><paragraf> Lectura i aprovació, si escau, de l'acta anterior</paragraf></punt>
    <punt><nr>2</nr><paragraf> Estat de pagament de les quotes del propietari del pis 4rt 2na.</paragraf></punt>
    <punt><nr>3</nr><paragraf> Torn obert de paraula</paragraf></punt>
    <punt><nr>4</nr><paragraf> Horari de reg i utilització dels espais comuns per part del propietari del pis 4rt 2na.</paragraf></punt>
  </ordredeldia>
  <desenvolupament>
    <entrada>
      <paragraf>Punt 1. La sra. vicepresidenta llegeix l’acta de la reunió.</paragraf>
    </entrada>
    <entrada>
      <paragraf>Punt 2. El sr. president passa la paraula al Sr. administrador qui descriu que el pis 4rt 2na no està al corrent de pagament de les quotes de la comunitat. Indica que el propietari en qüestió va deixar de pagar fa cinc mesos i deu a la comunitat 376.25€.</paragraf>
      <paragraf>El sr. Vicent Carallot exposa els problemes que està tenint amb el reg de les plantes a qualsevol hora i de manera desproporcionada, per part del propietari del pis en qüestió i també que deixa una pudor inaguantable a la porteria quan baixa les escombreries. Altres veïns s’hi afegeixen a la discussió.</paragraf>
    </entrada>
    <entrada>
      <paragraf>El sr. Morales indica que l’ascensor no arriba al seu pis o bé que s’ha comprat un gos verd (cap de la junta ni el Sr. administrador vam poder esverinar-ho exàctament). En tot cas, se li indica que aquest tema havia de ser tractat al torn obert de paraula.</paragraf>
    </entrada>
    <entrada>
      <paragraf>Punt 4. Queda tractat amb el punt 2.</paragraf>
    </entrada>
    <entrada>
      <paragraf>Punt 3. No queda temps per desenvolupar aquest punt. El sr. Morales protesta i la junta acorda oferir-li una oportunitat per a exposar el seu tema en una reunió propera.</paragraf>
    </entrada>
  </desenvolupament>
  <acords>
    <entrada>
      <paragraf>El Sr. Morales necessita un intrèrpret.</paragraf>
    </entrada>
    <entrada>
      <paragraf>No hi ha cap acord més.</paragraf>
    </entrada>
  </acords>
  <temespendents>
    <entrada>
      <paragraf>Tot pràcticament està pendent</paragraf>
      <paragraf>Cal recordar-ho tot per la propera sesió.</paragraf>
    </entrada>
  </temespendents>
</acta>

