<arrel>
 	<un-i-nomes-un>Un</un-i-nomes-un>
 	<hi-es-un-cop-o-no-hi-es>max</hi-es-un-cop-o-no-hi-es>
 	<tres-cops-exactament>tres</tres-cops-exactament>
 	<tres-cops-exactament>tres2</tres-cops-exactament>
 	<tres-cops-exactament>tres3</tres-cops-exactament>
 	<entre-un-i-dotze>1</entre-un-i-dotze>
 	<entre-un-i-dotze>2</entre-un-i-dotze>
 	<entre-un-i-dotze>3</entre-un-i-dotze>
 	<entre-un-i-dotze>4</entre-un-i-dotze>
 	<entre-un-i-dotze>5</entre-un-i-dotze>
 	<entre-un-i-dotze>6</entre-un-i-dotze>
 	<entre-un-i-dotze>7</entre-un-i-dotze>
 	<entre-un-i-dotze>8</entre-un-i-dotze>
 	<entre-un-i-dotze>9</entre-un-i-dotze>
 	<entre-un-i-dotze>10</entre-un-i-dotze>
 	<entre-un-i-dotze>11</entre-un-i-dotze>
 	<entre-un-i-dotze>12</entre-un-i-dotze>
 	<si-hi-ha-com-a-molt-set>1</si-hi-ha-com-a-molt-set>
 	<si-hi-ha-com-a-molt-set>2</si-hi-ha-com-a-molt-set>
 	<si-hi-ha-com-a-molt-set>3</si-hi-ha-com-a-molt-set>
 	<si-hi-ha-com-a-molt-set>4</si-hi-ha-com-a-molt-set>
 	<si-hi-ha-com-a-molt-set>5</si-hi-ha-com-a-molt-set>
 	<si-hi-ha-com-a-molt-set>6</si-hi-ha-com-a-molt-set>
 	<si-hi-ha-com-a-molt-set>7</si-hi-ha-com-a-molt-set>
 	<obligatori-i-indefinit>1</obligatori-i-indefinit>
 	<obligatori-i-indefinit>2</obligatori-i-indefinit>
 	<obligatori-i-indefinit>3</obligatori-i-indefinit>
 	<obligatori-i-indefinit>4</obligatori-i-indefinit>
 	<obligatori-i-indefinit>5</obligatori-i-indefinit>
 	<obligatori-i-indefinit>6</obligatori-i-indefinit>
 	<obligatori-i-indefinit>7</obligatori-i-indefinit>
 	<obligatori-i-indefinit>8</obligatori-i-indefinit>
 	<obligatori-i-indefinit>9</obligatori-i-indefinit>
 	<obligatori-i-indefinit>10</obligatori-i-indefinit>
 	<obligatori-i-indefinit>11</obligatori-i-indefinit>
 	<obligatori-i-indefinit>12</obligatori-i-indefinit>
 	<obligatori-i-indefinit>13</obligatori-i-indefinit>
 	<obligatori-i-indefinit>14</obligatori-i-indefinit>
 	<obligatori-i-indefinit>15</obligatori-i-indefinit>
 	<quants-vulguis>1</quants-vulguis>
 	<quants-vulguis>2</quants-vulguis>
 	<quants-vulguis>3</quants-vulguis>
 	<quants-vulguis>4</quants-vulguis>
 	<quants-vulguis>5</quants-vulguis>
 	<quants-vulguis>6</quants-vulguis>
 	<quants-vulguis>7</quants-vulguis>
 	<quants-vulguis>8</quants-vulguis>
 	<quants-vulguis>9</quants-vulguis>
 	<quants-vulguis>10</quants-vulguis>
 	<quants-vulguis>11</quants-vulguis>
 	<quants-vulguis>12</quants-vulguis>
 	<quants-vulguis>13</quants-vulguis>
 	<quants-vulguis>14</quants-vulguis>
 	<quants-vulguis>15</quants-vulguis>
</arrel>