<?xml version="1.0"?>
<empleats xmlns:e="http://agapesa.com/empleat">
	<e:empleat>
    <e:denominacio>
      <e:titol>Sra</e:titol>
      <e:nom>Gracita</e:nom>
      <e:cognoms>Suárez Cifuentes</e:cognoms>
    </e:denominacio>
    <e:nif>17554385A</e:nif>
    <e:carrec>comprador</e:carrec>
    <e:antiguitat>2001</e:antiguitat>
  </e:empleat>

  <e:empleat>
    <e:denominacio>
      <e:titol>Sr</e:titol>
      <e:nom>Gra</e:nom>
      <e:cognoms>Su</e:cognoms>
    </e:denominacio>
    <e:nif>17385A</e:nif>
    <e:carrec>comprador</e:carrec>
    <e:antiguitat>2002</e:antiguitat>
  </e:empleat>

  <e:empleat>
    <e:denominacio>
      <e:titol>Sra</e:titol>
      <e:nom>maria</e:nom>
      <e:cognoms>Sure Tes</e:cognoms>
    </e:denominacio>
    <e:nif>17554385A</e:nif>
    <e:carrec>comprador</e:carrec>
    <e:antiguitat>2005 	</e:antiguitat>
  </e:empleat>
</empleats>