<!-- Exemple d'acta amb alguns problems de quantitat -->
<acta sessio="68"
      comunitat="Junta de propietaris del Carrer de la Selva de Mar, 211"
      data="2017-11-01"
      inici="20:00:00"
      acabament="23:45:00"
      lloc="el pati de la Sra. Encarna"
      president="Sr. Lluís Bendito i Sigüenza"
      vicepresident="Sra. Ramona González Remolona"
      administrador="Sr. Romualdo Malandrín Segura"
      tipus="extraordinària" >
  <assistents>
    <assistent>
      <pis planta="1" porta="1" />
      <vei>Sra. Josefa Ramos Granados</vei>
    </assistent>
    <assistent>
      <pis planta="1" porta="2" />
      <vei>Sr. Vicent Carallot i Gripau</vei>
    </assistent>
    <assistent>
      <pis planta="2" porta="1" />
      <vei>Sr. Lluís Benito i Sigüenza</vei>
    </assistent>
    <assistent>
      <pis planta="2" porta="2" />
      <vei>Sra. Ramona González Remolona</vei>
      <vei>Sr. Carles Valdaura Ronyós</vei>
    </assistent>
    <assistent>
      <pis planta="3" porta="1" />
      <vei>Sr. Anastasio Morales Soler</vei>
    </assistent>
  </assistents>
  <noassistents>
    <pis planta="3" porta="2" />
    <pis planta="4" porta="1" />
    <pis planta="4" porta="2" />
  </noassistents>
  <ordredeldia>
    <punt nr="1"><paragraf> Lectura i aprovació, si escau, de l'acta anterior</paragraf></punt>
    <punt nr="2"><paragraf> Estat de pagament de les quotes del propietari del pis 4rt 2na.</paragraf></punt>
    <punt nr="3">
      <paragraf> Torn obert de paraula</paragraf>
      <paragraf> Un altre torn obert de paraula</paragraf>
    </punt>
    <punt nr="4"><paragraf> Horari de reg i utilització dels espais comuns per part del propietari del pis 4rt 2na.</paragraf></punt>
  </ordredeldia>
  <desenvolupament>
    <entrada>
      <paragraf>Punt 1. La sra. vicepresidenta llegeix l’acta de la reunió.</paragraf>
    </entrada>
    <entrada>
      <paragraf>Punt 2. El sr. president passa la paraula al Sr. administrador qui descriu que el pis 4rt 2na no està al corrent de pagament de les quotes de la comunitat. Indica que el propietari en qüestió va deixar de pagar fa cinc mesos i deu a la comunitat 376.25€.</paragraf>
      <paragraf>El sr. Vicent Carallot exposa els problemes que està tenint amb el reg de les plantes a qualsevol hora i de manera desproporcionada, per part del propietari del pis en qüestió i també que deixa una pudor inaguantable a la porteria quan baixa les escombreries. Altres veïns s’hi afegeixen a la discussió.</paragraf>
    </entrada>
    <entrada />
    <entrada>
      <paragraf>Punt 3. No queda temps per desenvolupar aquest punt. El sr. Morales protesta i la junta acorda oferir-li una oportunitat per a exposar el seu tema en una reunió propera.</paragraf>
    </entrada>
  </desenvolupament>
  <acords>
    <entrada />
    <entrada>
      <paragraf>No hi ha cap acord més.</paragraf>
    </entrada>
  </acords>
  <temespendents>
    <entrada />
  </temespendents>
</acta>

